playlist_id,track_ids
3,411 956 573 663 541 648 360 508 797 308
6,411 956 573 663 541 648 360 508 797 308
7,60 972 563 961 894 405 425 308 999 586
17,548 505 562 794 694 942 663 411 898 460
18,533 247 173 579 508 371 360 535 308 28
19,176 888 244 694 956 181 216 849 456 277
20,573 667 762 873 958 636 855 956 702 411
25,225 315 411 198 178 217 477 849 865 220
29,411 956 573 663 541 648 360 508 797 308
34,653 913 35 649 574 277 520 963 956 178
36,216 12 956 888 682 616 563 894 849 457
40,414 457 80 541 27 954 949 229 316 778
48,411 956 573 663 541 648 360 508 797 308
50,32 663 490 92 482 209 480 404 724 573
52,411 956 573 663 541 648 360 508 308 797
59,123 628 89 368 261 520 564 510 898 865
60,411 956 573 541 663 648 360 508 797 308
64,898 334 260 872 956 362 181 368 139 784
77,350 772 961 181 362 972 200 637 704 509
80,845 865 368 362 523 913 956 820 320 333
83,37 411 964 160 149 396 178 784 229 387
85,411 956 573 663 541 648 360 508 797 308
88,176 355 575 888 244 248 682 436 216 699
89,444 344 660 438 80 405 648 158 956 308
98,793 316 699 913 396 56 178 37 963 868
106,635 519 508 28 744 579 6 550 534 533
107,411 956 573 663 541 648 360 797 508 308
115,411 956 573 663 541 648 360 797 508 308
138,794 117 490 662 755 548 110 92 829 784
141,444 344 438 660 80 405 648 158 797 308
142,411 956 573 663 541 648 360 508 797 308
143,648 810 0 782 181 178 89 963 619 868
149,411 956 573 663 541 648 360 508 797 308
164,411 956 573 663 541 648 360 797 508 308
169,411 956 573 663 541 648 360 508 797 308
180,443 667 963 800 102 704 637 438 574 964
199,411 956 573 663 541 648 360 797 508 308
210,411 956 573 663 541 648 360 508 797 308
220,411 956 573 663 541 648 360 508 797 308
221,411 956 573 663 541 648 360 797 508 308
227,277 123 65 631 507 350 308 793 694 520
228,509 123 694 580 326 507 520 405 628 65
231,411 956 573 663 541 648 360 508 797 308
235,411 956 573 663 541 648 360 508 797 308
239,794 663 755 841 110 33 590 490 56 508
241,541 80 550 260 778 631 949 635 622 520
244,360 778 541 21 80 675 636 667 318 125
255,573 296 674 949 360 781 436 457 5 575
256,411 956 573 663 541 648 360 797 508 308
258,411 956 573 663 541 648 360 508 797 308
262,648 411 961 362 793 682 308 619 315 350
265,411 956 573 663 541 648 360 508 797 308
268,411 956 573 663 541 648 360 508 797 308
270,800 317 371 350 476 80 648 27 391 686
271,523 316 103 963 699 776 994 920 830 333
272,268 92 459 973 663 421 829 490 541 662
275,360 778 541 21 80 675 636 667 318 125
277,533 247 475 891 590 387 28 841 920 368
290,56 579 65 590 533 220 73 841 368 277
302,443 178 963 37 197 978 667 800 102 704
303,411 956 573 541 663 648 360 797 508 308
310,411 660 280 694 181 281 396 362 277 961
315,411 371 368 308 217 0 659 57 972 477
316,411 956 573 663 541 648 360 797 508 308
326,443 318 963 800 102 704 637 573 438 574
332,411 956 573 663 541 648 360 508 797 308
337,315 648 225 178 868 810 181 762 963 849
362,411 956 573 663 541 648 360 797 508 308
365,411 956 573 663 541 648 360 508 797 308
368,564 663 302 865 92 200 942 209 592 693
370,660 396 362 961 563 872 682 411 318 898
378,411 956 573 663 541 648 360 508 797 308
392,949 27 457 573 550 674 360 781 436 5
401,797 894 858 956 216 757 176 787 65 405
403,56 405 360 371 963 277 396 956 724 411
407,663 781 949 436 302 503 6 250 942 490
408,411 956 573 541 663 648 360 508 797 308
413,370 316 522 394 229 360 663 573 421 757
422,326 891 580 444 920 699 229 277 51 541
432,649 574 653 103 277 35 776 994 520 920
437,411 956 573 663 541 648 360 508 797 308
441,660 396 362 281 961 563 872 682 411 318
448,914 292 160 964 829 619 37 402 972 663
451,411 956 573 663 541 648 360 508 797 308
452,360 702 778 80 568 949 296 674 21 457
455,541 956 573 80 216 949 663 260 436 457
460,573 296 318 949 125 80 674 873 781 636
467,411 956 573 663 541 648 360 797 508 308
470,411 956 573 663 541 648 360 508 797 308
492,378 631 794 682 520 56 277 724 663 541
495,770 378 277 894 317 660 123 56 139 956
497,233 42 180 244 687 550 280 80 956 318
500,84 317 371 350 770 391 476 411 250 535
504,411 956 573 663 541 648 360 508 797 308
505,411 956 573 541 663 648 360 508 797 308
509,411 315 619 229 603 793 682 810 15 783
514,360 675 21 80 541 1 15 928 949 635
515,411 956 573 541 663 648 360 797 508 308
527,411 956 573 663 541 648 360 508 797 308
528,27 456 949 541 781 573 663 956 354 302
529,411 956 573 663 541 648 360 797 508 308
532,778 675 573 457 260 949 697 783 550 619
537,411 956 573 663 541 648 360 508 797 308
545,411 956 573 663 541 648 360 508 797 308
552,898 56 65 520 507 228 277 23 220 495
554,436 700 573 296 355 229 674 248 949 360
558,411 956 573 663 541 648 360 508 797 308
559,117 548 110 56 490 378 505 631 662 562
564,411 956 573 663 541 648 360 508 797 308
567,411 956 573 663 541 648 360 797 508 308
574,411 956 573 663 541 648 360 508 797 308
580,37 411 964 160 396 178 784 229 387 648
581,411 956 573 663 541 648 360 508 308 797
582,411 956 573 663 541 648 360 508 797 308
592,23 495 628 317 520 898 699 35 368 694
595,411 956 573 663 541 648 360 508 797 308
601,845 865 362 368 139 913 956 411 961 523
603,597 573 80 778 541 421 781 749 687 216
604,411 956 573 663 541 648 360 508 797 308
611,411 956 573 663 541 648 360 508 797 308
615,103 994 913 362 396 963 178 961 956 797
619,411 956 573 663 541 648 360 508 797 308
622,125 468 387 229 573 541 222 868 697 404
625,411 956 573 663 541 648 360 508 797 308
628,411 956 573 663 541 648 360 508 797 308
631,196 195 787 394 942 757 583 482 226 781
633,660 396 281 362 961 563 872 682 411 318
636,411 956 573 663 541 648 360 508 797 308
642,411 956 573 663 541 648 360 797 508 308
643,355 575 248 436 280 849 541 411 641 171
646,411 225 810 648 782 460 181 178 619 37
665,360 778 80 296 949 125 674 21 928 781
667,497 76 272 675 402 994 579 635 619 778
676,280 176 233 42 687 660 180 550 80 956
680,828 397 853 781 949 550 27 748 778 541
683,411 956 573 663 541 648 360 797 508 308
686,693 482 200 898 519 523 302 139 198 368
691,603 396 563 60 776 660 913 411 616 978
696,662 755 663 117 822 784 92 209 459 508
703,444 344 438 660 80 405 648 158 573 411
704,37 411 964 160 149 396 178 784 648 387
707,838 6 308 942 898 535 200 482 740 865
708,411 956 573 663 541 648 360 797 508 308
709,794 117 490 548 662 755 110 92 829 784
714,411 956 573 663 541 648 360 508 797 308
715,830 387 368 508 308 411 217 744 898 163
717,412 32 663 541 56 520 80 949 360 682
719,56 277 520 631 368 507 663 80 250 509
721,411 956 573 541 663 648 360 508 797 308
722,649 443 667 963 800 523 102 704 637 277
724,411 956 573 663 541 648 360 797 508 308
731,12 563 176 616 244 396 281 362 894 961
735,444 344 660 438 80 405 648 158 573 778
737,411 956 573 663 541 648 360 508 797 308
740,411 956 573 663 541 648 360 508 797 308
744,411 956 573 663 541 648 360 797 508 308
746,628 898 123 714 350 317 713 228 872 16
757,370 568 125 891 648 5 522 541 102 814
759,411 956 573 663 541 648 360 508 797 308
770,411 956 573 663 541 648 360 508 797 308
773,411 956 573 663 541 648 360 508 797 308
774,411 956 573 663 541 648 360 508 797 308
788,553 772 914 411 675 350 784 635 181 315
791,411 956 573 663 541 648 360 508 797 308
804,360 793 778 573 229 411 181 810 315 783
807,868 396 160 178 704 920 648 438 784 699
818,533 247 475 590 28 841 368 699 744 292
837,961 523 103 776 978 994 197 920 603 178
848,548 505 562 794 694 942 663 360 411 56
854,411 956 573 663 541 648 360 508 797 308
856,411 956 573 663 541 648 360 508 797 308
859,345 858 411 868 362 176 396 903 978 535
882,573 675 15 80 783 21 928 748 723 949
914,963 315 868 956 961 782 37 387 699 888
916,411 956 573 663 541 648 360 508 797 308
924,411 956 573 663 541 648 360 508 797 308
925,459 663 973 548 421 482 80 662 942 724
926,37 396 225 648 810 868 197 978 181 699
927,628 16 23 378 512 631 653 350 56 228
928,411 956 573 663 541 648 360 508 797 308
938,519 695 411 315 849 368 181 913 663 586
949,411 956 573 663 541 648 360 508 797 308
951,411 956 573 663 541 648 360 508 797 308
953,370 316 522 394 229 975 573 648 541 575
957,411 956 573 663 541 648 360 508 797 308
961,318 411 829 315 472 396 553 178 197 362
962,411 956 573 663 541 648 360 508 797 308
963,562 663 92 505 794 694 942 874 56 541
964,90 829 894 648 752 573 216 80 797 546
976,178 102 37 797 704 920 782 964 443 969
981,411 956 573 663 541 648 360 508 797 308
984,362 308 603 961 89 139 198 411 320 0
988,411 956 573 663 541 648 360 797 508 308
994,411 956 573 663 541 648 360 508 797 308
995,579 590 533 841 368 744 247 292 33 534
